{
    "display_name": "&fArachnid",
    "description": [
        "",
        "&7Their climbing abilities and the ability to trap their",
        "&7foes in spiderweb make Arachnid perfect hunters.",
        "",
        "&f&nClimbing&r &8(Toggle with [Shift+F])",
        "&7You are able to climb up any kind of wall, not just",
        "&7ladders.",
        "",
        "&f&nMaster of Webs",
        "&7When you hit an enemy in melee, they get",
        "&7stuck in cobweb for a while. You are able to craft",
        "&7cobweb from string.",
        "",
        "&f&nCarnivore",
        "&7Your diet is restricted to meat, you can't eat",
        "&7vegetables.",
        "",
        "&f&nFragile",
        "&7You have 3 less hearts of health than humans.",
        ""
    ],
    "impact": "LOW",
    "icon": {
        "material": "COBWEB"
    },
    "authors": [
        "LemonyPancakes"
    ],
    "powers": [
        "origins-bukkit:climbing",
        "origins-bukkit:master_of_webs",
        "origins-bukkit:carnivore",
		"origins-bukkit:fragile",
		"origins-bukkit:arthropod"
    ]
}