{
    "name": "&fArachnid",
    "description": [
        "",
        "&7Their climbing abilities and the ability to trap their",
        "&7foes in spiderweb make Arachnid perfect hunters.",
        ""
    ],
    "impact": "LOW",
    "icon": {
        "material": "COBWEB"
    },
    "authors": [
        "LemonyPancakes"
    ],
    "powers": [
        "origins-bukkit:climbing",
        "origins-bukkit:master_of_webs",
        "origins-bukkit:carnivore",
		"origins-bukkit:fragile",
		"origins-bukkit:arthropod"
    ],
    "order": 1
}