{
    "name": "§fAvian",
    "description": [
        "",
        "§7The Avian race has lost their ability to fly a",
        "§7long time ago. Now these peaceful creatures can",
        "§7be seen gliding from one place to another.",
        ""
    ],
    "impact": "LOW",
    "icon": {
        "material": "FEATHER"
    },
    "authors": [
        "LemonyPancakes"
    ],
    "powers": [
        "origins-bukkit:slow_falling",
        "origins-bukkit:fresh_air",
        "origins-bukkit:tailwind",
        "origins-bukkit:lay_eggs",
        "origins-bukkit:vegetarian"
    ],
    "order": 0
}