{
    "display_name": "&fAvian",
    "description": [
        "",
        "&7The Avian race has lost their ability to fly a",
        "&7long time ago. Now these peaceful creatures can",
        "&7be seen gliding from one place to another.",
        "",
        "&f&nFeatherweight",
        "&7You fall as gently to the ground as a feather",
        "&7would, unless you sneak.",
        "",
        "&f&nFresh Air",
        "&7When sleeping, your bed needs to be at an altitude",
        "&7of atleast 86 blocks, so you can breathe fresh air.",
        "",
        "&f&nTailwind",
        "&7You are a little bit quicker on foot than others.",
        "",
        "&f&nOviparous",
        "&7Whenever you wake up in the morning, you will lay an",
        "&7egg.",
        "",
        "&f&nVegetarian",
        "&7You can't digest any meat.",
        ""
    ],
    "impact": "LOW",
    "icon": {
        "material": "FEATHER"
    },
    "authors": [
        "LemonyPancakes"
    ],
    "powers": [
        "origins-bukkit:slow_falling",
        "origins-bukkit:fresh_air",
        "origins-bukkit:tailwind",
        "origins-bukkit:lay_eggs",
        "origins-bukkit:vegetarian"
    ]
}