{
    "name": "&fBlazeborn",
    "description": [
        "",
        "&7Late descendants of the Blaze, the Blazeborn are naturally",
        "&7immune to the perils of the Nether.",
        ""
    ],
    "impact": "HIGH",
    "icon": {
        "material": "BLAZE_POWDER"
    },
    "authors": [
        "LemonyPancakes"
    ],
    "powers": [
        "origins-bukkit:fire_immunity",
        "origins-bukkit:nether_spawn",
        "origins-bukkit:burning_wrath",
        "origins-bukkit:hotblooded",
        "origins-bukkit:water_vulnerability",
        "origins-bukkit:flame_particles",
        "origins-bukkit:damage_from_snowballs",
        "origins-bukkit:damage_from_potions"
    ],
    "order": 1
}