{
    "display_name": "&fBlazeborn",
    "description": [
        "",
        "&7Late descendants of the Blaze, the Blazeborn are naturally",
        "&7immune to the perils of the Nether.",
        "",
        "&f&nFire Immunity",
        "&7You are immune to all types of fire damage.",
        "",
        "&f&nNether Inhabitant",
        "&7Your natural spawn will be in the Nether.",
        "",
        "&f&nBurning Wrath",
        "&7When on fire, you deal additional damage with your attacks.",
        "",
        "&f&nHot Blooded",
        "&7Due to your hot body, venoms burn up, making you immune",
        "&7to poison and hunger status effects.",
        "",
        "&f&nHydrophobia",
        "&7You receive damage over time while in contact",
        "&7with water.",
        ""
    ],
    "impact": "HIGH",
    "icon": {
        "material": "BLAZE_POWDER"
    },
    "authors": [
        "LemonyPancakes"
    ],
    "powers": [
        "origins-bukkit:fire_immunity",
        "origins-bukkit:nether_spawn",
        "origins-bukkit:burning_wrath",
        "origins-bukkit:hotblooded",
        "origins-bukkit:water_vulnerability",
        "origins-bukkit:flame_particles",
        "origins-bukkit:damage_from_snowballs",
        "origins-bukkit:damage_from_potions"
    ]
}