{
    "name": "&fElytrian",
    "description": [
        "",
        "&7Often flying around in the winds, Elytrians are",
        "&7uncomfortable when they don't have enough space",
        "&7above their head.",
        ""
    ],
    "impact": "LOW",
    "icon": {
        "material": "ELYTRA"
    },
    "authors": [
        "LemonyPancakes"
    ],
    "powers": [
        "origins-bukkit:elytra",
		"origins-bukkit:launch_into_air",
        "origins-bukkit:aerial_combatant",
        "origins-bukkit:light_armor",
        "origins-bukkit:claustrophobia",
        "origins-bukkit:more_kinetic_damage"
    ],
    "order": 3
}