{
    "display_name": "&fElytrian",
    "description": [
        "",
        "&7Often flying around in the winds, Elytrians are",
        "&7uncomfortable when they don't have enough space",
        "&7above their head.",
        "",
        "&f&nWinged&r &8(Toggle with [Shift+F])",
        "&7You have Elytra wings without needing to equip any.",
        "",
        "&f&nGift of the Winds&r &8(Active ability, use with [F])",
        "&7Every 30 seconds, you are able to launch about 20",
        "&7blocks up into the air.",
        "",
        "&f&nAerial Combatant",
        "&7You deal substantially more damage while in Elytra",
        "&7flight.",
        "",
        "&f&nNeed for Mobility",
        "&7You can not wear any heavy armor (armor with protection",
        "&7values higher than chainmail).",
        "",
        "&f&nClaustrophobia",
        "&7Being somewhere with a low ceiling for too long will",
        "&7weaken you and make you slower.",
        "",
        "&f&nBrittle Bones",
        "&7You take more damage from falling or flying into blocks.",
        ""
    ],
    "impact": "LOW",
    "icon": {
        "material": "ELYTRA"
    },
    "authors": [
        "LemonyPancakes"
    ],
    "powers": [
        "origins-bukkit:elytra",
		"origins-bukkit:launch_into_air",
        "origins-bukkit:aerial_combatant",
        "origins-bukkit:light_armor",
        "origins-bukkit:claustrophobia",
        "origins-bukkit:more_kinetic_damage"
    ]
}