{
    "display_name": "&fEnderian",
    "description": [
        "",
        "&7Born as sons and daughters of the Ender Dragon,",
        "&7Enderians are capable of teleporting but are",
        "&7vulnerable to water.",
        "",
        "&f&nTeleportation&r &8(Active ability, use with [F])",
        "&7Whenever you want, you may throw an ender pearl",
        "&7which deals no damage, allowing you to teleport.",
        "",
        "&f&nHydrophobia",
        "&7You receive damage over time while in contact",
        "&7with water.",
        "",
        "&f&nScared of Gourds",
        "&7You are afraid of pumpkins.",
        ""
    ],
    "impact": "MEDIUM",
    "icon": {
        "material": "ENDER_PEARL"
    },
    "authors": [
        "LemonyPancakes"
    ],
    "powers": [
        "origins-bukkit:throw_ender_pearl",
        "origins-bukkit:water_vulnerability",
        "origins-bukkit:ender_particles",
        "origins-bukkit:damage_from_potions"
    ]
}