{
    "name": "§fEnderian",
    "description": [
        "",
        "§7Born as sons and daughters of the Ender Dragon,",
        "§7Enderians are capable of teleporting but are",
        "§7vulnerable to water.",
        ""
    ],
    "impact": "MEDIUM",
    "icon": {
        "material": "ENDER_PEARL"
    },
    "authors": [
        "LemonyPancakes"
    ],
    "powers": [
        "origins-bukkit:throw_ender_pearl",
        "origins-bukkit:water_vulnerability",
        "origins-bukkit:ender_particles",
        "origins-bukkit:damage_from_potions"
    ],
    "order": 1
}