{
    "display_name": "&fFeline",
    "description": [
        "",
        "&7With their cat-like appearance, the Feline scare",
        "&7creepers away. With the dexterity of cats, they",
        "&7always land safely on their feet.",
        "",
        "&f&nAcrobatics",
        "&7You never take fall damage, no matter from which",
        "&7height you fall.",
        "",
        "&f&nStrong Ankles",
        "&7You are able to jump higher by jumping while",
        "&7sprinting.",
        "",
        "&f&nNine Lives",
        "&7You have 1 less heart of health than humans.",
        "",
        "&f&nWeak Arms",
        "&7When not under the effect of a strength potion,",
        "&7you can only mine natural stone if there are at",
        "&7most 2 other natural stone blocks adjacent to it.",
        "",
        "&f&nCatlike Appearance",
        "&7Creepers are scared of you and will only explode",
        "&7if you attack them first.",
        "",
        "&f&nNocturnal",
        "&7You can slightly see in the dark when not in water.",
        ""
    ],
    "impact": "MEDIUM",
    "icon": {
        "material": "ORANGE_WOOL"
    },
    "authors": [
        "LemonyPancakes"
    ],
    "powers": [
	    "origins-bukkit:fall_immunity",
        "origins-bukkit:sprint_jump",
        "origins-bukkit:nine_lives",
        "origins-bukkit:weak_arms"
	]
}