{
    "name": "&fFeline",
    "description": [
        "",
        "&7With their cat-like appearance, the Feline scare",
        "&7creepers away. With the dexterity of cats, they",
        "&7always land safely on their feet.",
        ""
    ],
    "impact": "MEDIUM",
    "icon": {
        "material": "ORANGE_WOOL"
    },
    "authors": [
        "LemonyPancakes"
    ],
    "powers": [
	    "origins-bukkit:fall_immunity",
        "origins-bukkit:sprint_jump",
        "origins-bukkit:nine_lives",
        "origins-bukkit:weak_arms"
	],
    "order": 0
}