{
    "display_name": "&fMerling",
    "description": [
        "",
        "&7These natural inhabitants of the ocean are not",
        "&7used to being out of the water for too long.",
        "",
        "&f&nGills",
        "&7You can breathe underwater, but not on land.",
        "",
        "&f&nWet Eyes",
        "&7Your vision underwater is perfect.",
        "",
        "&f&nAqua Affinity",
        "&7You may break blocks underwater as others do on",
        "&7land.",
        "",
        "&f&nFins",
        "&7Your underwater speed is increased.",
        ""
    ],
    "impact": "HIGH",
    "icon": {
        "material": "COD"
    },
    "authors": [
        "LemonyPancakes"
    ],
    "powers": [
        "origins-bukkit:water_breathing",
        "origins-bukkit:water_vision",
        "origins-bukkit:aqua_affinity",
        "origins-bukkit:swim_speed",
        "origins-bukkit:aquatic"
    ]
}