{
    "name": "&fMerling",
    "description": [
        "",
        "&7These natural inhabitants of the ocean are not",
        "&7used to being out of the water for too long.",
        ""
    ],
    "impact": "HIGH",
    "icon": {
        "material": "COD"
    },
    "authors": [
        "LemonyPancakes"
    ],
    "powers": [
        "origins-bukkit:water_breathing",
        "origins-bukkit:water_vision",
        "origins-bukkit:aqua_affinity",
        "origins-bukkit:swim_speed",
        "origins-bukkit:aquatic"
    ],
    "order": 0
}