{
    "display_name": "&fShulk",
    "description": [
        "",
        "&7Related to Shulkers, the bodies of the Shulk are",
        "&7outfitted with a protective shell-like skin.",
        "",
        "&f&nShulker Inventory&r &8(Active ability, use with [F])",
        "&7You have access to an additional 9 slots of",
        "&7inventory, which keep the items on death.",
        "",
        "&f&nSturdy Skin",
        "&7Even without wearing armor, your skin provides",
        "&7natural protection.",
        "",
        "&f&nStrong Arms",
        "&7You are strong enough to break natural stones",
        "&7without using a pickaxe.",
        "",
        "&f&nUnwieldy",
        "&7The way your hands are formed provide no way of",
        "&7holding a shield upright.",
        "",
        "&f&nLarge Appetite",
        "&7You exhaust much quicker than others, thus",
        "&7requiring you to eat more.",
        ""
    ],
    "impact": "LOW",
    "icon": {
        "material": "SHULKER_SHELL"
    },
    "authors": [
        "LemonyPancakes"
    ],
    "powers": [
        "origins-bukkit:shulker_inventory",
        "origins-bukkit:natural_armor",
        "origins-bukkit:strong_arms",
		"origins-bukkit:strong_arms_break_speed",
        "origins-bukkit:no_shield"
    ]
}