{
    "name": "§fShulk",
    "description": [
        "",
        "§7Related to Shulkers, the bodies of the Shulk are",
        "§7outfitted with a protective shell-like skin.",
        ""
    ],
    "impact": "LOW",
    "icon": {
        "material": "SHULKER_SHELL"
    },
    "authors": [
        "LemonyPancakes"
    ],
    "powers": [
        "origins-bukkit:shulker_inventory",
        "origins-bukkit:natural_armor",
        "origins-bukkit:strong_arms",
		"origins-bukkit:strong_arms_break_speed",
        "origins-bukkit:no_shield"
    ],
    "order": 4
}