{
	"type": "origins-bukkit:action_over_time",
	"interval": 1,
	"condition": {
		"type": "origins-bukkit:sprinting"
	},
	"entity_action": {
		"type": "origins-bukkit:apply_effect",
		"effect": {
			"effect": "JUMP",
			"duration": 60,
			"amplifier": 2,
			"is_ambient": false,
			"show_particles": false,
			"show_icon": false
		}
	},
	"falling_action": {
		"type": "origins-bukkit:clear_effect",
		"effect": "JUMP"
	},
	"name": "&f&nStrong Ankles",
	"description": [
		"&7You are able to jump higher by jumping while",
        "&7sprinting."
	]
}