{
	"type": "origins-bukkit:prevent_item_use",
	"item_condition": {
		"type": "origins-bukkit:and",
		"conditions": [
			{
				"type": "origins-bukkit:food"
			},
			{
				"type": "origins-bukkit:ingredient",
				"items": [
					"ROTTEN_FLESH",
					"COD",
					"TROPICAL_FISH",
					"PUFFERFISH",
					"SALMON",
					"BEEF",
					"PORKCHOP",
					"MUTTON",
					"CHICKEN",
					"RABBIT",
					"COOKED_CHICKEN",
					"COOKED_RABBIT",
					"RABBIT_STEW",
					"COOKED_PORKCHOP",
					"COOKED_COD",
					"COOKED_BEEF",
					"COOKED_MUTTON",
					"COOKED_SALMON",
					"SPIDER_EYE"
				]
			}
		]
	}
}