{
	"type": "origins-bukkit:prevent_block_break",
	"block_condition": {
		"type": "origins-bukkit:and",
		"conditions": [
			{
				"type": "origins-bukkit:match_blocks",
				"blocks": [
					"STONE",
					"DEEPSLATE",
					"SANDSTONE",
					"SMOOTH_SANDSTONE",
					"RED_SANDSTONE",
					"SMOOTH_RED_SANDSTONE"
				]
			},
			{
				"type": "origins-bukkit:adjacent",
				"adjacent_condition": {
					"type": "origins-bukkit:match_blocks",
					"blocks": [
						"STONE",
						"DEEPSLATE",
						"SANDSTONE",
						"SMOOTH_SANDSTONE",
						"RED_SANDSTONE",
						"SMOOTH_RED_SANDSTONE"
					]
				},
				"comparison": ">",
				"compare_to": 2
			}
		]
	},
	"condition": {
		"type": "origins-bukkit:status_effect",
		"effect": "INCREASE_DAMAGE",
		"inverted": true
	},
	"name": "§f§nWeak Arms",
	"description": [
		"§7When not under the effect of a strength potion,",
        "§7you can only mine natural stone if there are at",
        "§7most 2 other natural stone blocks adjacent to it."
	]
}